{
    "train": {
        "n": [
            96028,
            96028,
            96028,
            96028
        ],
        "range": {
            "mean_squared_error": {
                "vals": [
                    2.876627470286361,
                    5.060866705833789,
                    3.8436584333954693,
                    3.3023313055969057
                ],
                "mean": 3.770870978778131,
                "std": 0.8198456969448528
            },
            "mean_absolute_error": {
                "vals": [
                    0.20264352241759762,
                    0.2746724603725948,
                    0.24457026154508035,
                    0.21768178365842572
                ],
                "mean": 0.2348920069984246,
                "std": 0.02744225586070171
            }
        },
        "cost": {
            "mean_squared_error": {
                "vals": [
                    84052.37991059347,
                    99564.32862794718,
                    72955.11782637429,
                    61700.91717699626
                ],
                "mean": 79568.1858854778,
                "std": 13990.404576776116
            },
            "mean_absolute_error": {
                "vals": [
                    134.7135427937929,
                    204.51845308342683,
                    168.60595145324638,
                    144.71845159968805
                ],
                "mean": 163.13909973253854,
                "std": 26.876894893132818
            }
        },
        "velocity": {
            "mean_squared_error": {
                "vals": [
                    833.3818291182758,
                    940.8986178513402,
                    877.3224996123447,
                    943.5604959707141
                ],
                "mean": 898.7908606381689,
                "std": 46.14275510531948
            },
            "mean_absolute_error": {
                "vals": [
                    3.9732399225562713,
                    4.6312603962616565,
                    4.1137641429722365,
                    4.143667857486156
                ],
                "mean": 4.21548307981908,
                "std": 0.24852398897331007
            }
        },
        "result": {
            "accuracy_score": {
                "vals": [
                    0.961000958053901,
                    0.9575540467363686,
                    0.9645624192943725,
                    0.9598242179364352
                ],
                "mean": 0.9607354105052693,
                "std": 0.0025331728671781316
            }
        }
    },
    "val": {
        "n": [
            24007,
            24007,
            24007,
            24008
        ],
        "range": {
            "mean_squared_error": {
                "vals": [
                    4.281432128773015,
                    7.024858888023802,
                    6.273288063651357,
                    5.260054175059757
                ],
                "mean": 5.709908313876983,
                "std": 1.0355439044923516
            },
            "mean_absolute_error": {
                "vals": [
                    0.28751613959886846,
                    0.36570070940549926,
                    0.36546949960371533,
                    0.3260145950350176
                ],
                "mean": 0.33617523591077514,
                "std": 0.0324069967263888
            }
        },
        "cost": {
            "mean_squared_error": {
                "vals": [
                    185507.64271695033,
                    253717.52325244274,
                    4243007.750668944,
                    250497.44967267668
                ],
                "mean": 1233182.5915777534,
                "std": 1737936.4340331398
            },
            "mean_absolute_error": {
                "vals": [
                    242.07167981767037,
                    292.8785933936586,
                    275.75989339535084,
                    255.41848304390072
                ],
                "mean": 266.53216241264516,
                "std": 19.372109606447175
            }
        },
        "velocity": {
            "mean_squared_error": {
                "vals": [
                    1533.1983147098197,
                    1653.4348641232873,
                    1905.4810058395278,
                    1403.9922886243266
                ],
                "mean": 1624.0266183242404,
                "std": 184.89612229340187
            },
            "mean_absolute_error": {
                "vals": [
                    7.40647481623656,
                    7.467855184851957,
                    7.958452512458487,
                    6.887806186474232
                ],
                "mean": 7.430147175005309,
                "std": 0.3792171383253442
            }
        },
        "result": {
            "accuracy_score": {
                "vals": [
                    0.953596867580289,
                    0.9507643603948849,
                    0.95809555546299,
                    0.9524741752749084
                ],
                "mean": 0.9537327396782681,
                "std": 0.0027132951703533075
            }
        }
    },
    "test": {
        "n": [
            40012,
            40012,
            40012,
            40011
        ],
        "range": {
            "mean_squared_error": {
                "vals": [
                    4.715924483401586,
                    7.287357741493556,
                    5.310030627625007,
                    5.813202505039215
                ],
                "mean": 5.781628839389841,
                "std": 0.9521485008528251
            },
            "mean_absolute_error": {
                "vals": [
                    0.3191565906244073,
                    0.3803631499916442,
                    0.32800230693976146,
                    0.34009169236032316
                ],
                "mean": 0.3419034349790341,
                "std": 0.02341523210981214
            }
        },
        "cost": {
            "mean_squared_error": {
                "vals": [
                    181869.1767503139,
                    2672791.950645453,
                    228921.64334678688,
                    208728.12186986703
                ],
                "mean": 823077.7231531052,
                "std": 1068063.434812661
            },
            "mean_absolute_error": {
                "vals": [
                    240.9990879811252,
                    301.84526985654304,
                    265.1490098014541,
                    253.52171697705006
                ],
                "mean": 265.3787711540431,
                "std": 22.72012875880426
            }
        },
        "velocity": {
            "mean_squared_error": {
                "vals": [
                    1703.9840542151892,
                    1790.9530984582757,
                    1395.1952167336729,
                    1342.5595394642178
                ],
                "mean": 1558.172977217839,
                "std": 192.67742471045258
            },
            "mean_absolute_error": {
                "vals": [
                    7.473086424974111,
                    7.736946711346684,
                    7.305488166768086,
                    7.154574312625914
                ],
                "mean": 7.417523903928699,
                "std": 0.21610912614413869
            }
        },
        "result": {
            "accuracy_score": {
                "vals": [
                    0.955038488453464,
                    0.9495651304608618,
                    0.9575377386783965,
                    0.9522381345130089
                ],
                "mean": 0.9535948730264328,
                "std": 0.0029878830126521213
            }
        }
    },